mae,mse,rmse,mape,mspe,rse
0.06105905,0.025359673,0.1592472,167201.97,22788964000000.0,1.0113167
